model,ordering,newton_iter,factor_time,schur_shape_0,schur_shape_1,nnz_M_reg,nnz_L,nnz_U,fill_ratio,reg,success,h_min,h_max,h_ratio
pilot4_plain,COLAMD,1,4.931700e-03,657,657,15289,33025,33016,4.319511e+00,1.911405e-08,True,3.145650e-05,2.673352e-04,8.498568e+00
pilot4_plain,COLAMD,2,3.529300e-03,657,657,15289,32928,33485,4.343842e+00,4.764215e-08,True,1.815773e-07,6.554161e-02,3.609570e+05
pilot4_plain,COLAMD,3,3.962800e-03,657,657,15289,34287,34690,4.511544e+00,5.430482e-08,True,4.236405e-07,3.386809e-01,7.994535e+05
pilot4_plain,COLAMD,4,3.656700e-03,657,657,15289,33918,34404,4.468703e+00,1.750835e-07,True,1.723787e-07,2.107757e+00,1.222748e+07
pilot4_plain,COLAMD,5,3.838600e-03,657,657,15289,33665,33229,4.375303e+00,1.531885e-06,True,6.188378e-09,1.010875e+02,1.633506e+10
pilot4_plain,COLAMD,6,5.462900e-03,657,657,15289,32807,34068,4.374060e+00,4.406579e-06,True,1.075548e-08,2.580792e+02,2.399513e+10
pilot4_plain,COLAMD,7,4.391200e-03,657,657,15289,31817,33346,4.262084e+00,1.315841e-05,True,1.446731e-09,5.072855e+03,3.506425e+12
pilot4_plain,COLAMD,8,4.849900e-03,657,657,15289,31628,33968,4.290405e+00,2.918443e-05,True,1.062894e-09,5.992600e+03,5.638006e+12
pilot4_plain,COLAMD,9,3.722500e-03,657,657,15289,29162,34501,4.163974e+00,3.905149e-05,True,9.414303e-10,7.692564e+03,8.171146e+12
pilot4_plain,COLAMD,10,4.056500e-03,657,657,15289,29584,34576,4.196481e+00,7.108387e-05,True,6.366049e-10,1.190255e+04,1.869693e+13
pilot4_plain,COLAMD,11,5.000400e-03,657,657,15289,29664,34929,4.224802e+00,2.045425e-04,True,3.226689e-10,1.350080e+04,4.184103e+13
pilot4_plain,COLAMD,12,4.539200e-03,657,657,15289,29641,34787,4.214010e+00,2.982532e-04,True,2.088496e-10,1.303876e+04,6.243133e+13
pilot4_plain,COLAMD,13,4.015400e-03,657,657,15289,29548,34619,4.196939e+00,4.851680e-04,True,1.238598e-10,1.251630e+04,1.010522e+14
pilot4_plain,COLAMD,14,4.767800e-03,657,657,15289,29749,34821,4.223298e+00,6.329488e-04,True,1.051119e-10,1.139003e+04,1.083610e+14
pilot4_plain,COLAMD,15,4.078100e-03,657,657,15289,29712,34711,4.213683e+00,9.950776e-04,True,7.555011e-11,1.413541e+04,1.870998e+14
pilot4_plain,COLAMD,16,4.149600e-03,657,657,15289,30031,34364,4.211852e+00,8.334223e-04,True,4.825636e-11,3.869593e+04,8.018824e+14
pilot4_plain,COLAMD,17,4.272800e-03,657,657,15289,29924,34363,4.204788e+00,4.311021e-04,True,2.768402e-11,9.637443e+04,3.481229e+15
pilot4_plain,COLAMD,18,4.380500e-03,657,657,15289,29955,34277,4.201190e+00,3.707519e-04,True,2.479041e-11,1.244355e+05,5.019501e+15
pilot4_plain,COLAMD,19,3.565100e-03,657,657,15289,31624,34724,4.339591e+00,2.705152e-04,True,2.176796e-11,1.588365e+05,7.296805e+15
pilot4_plain,COLAMD,20,4.336600e-03,657,657,15289,32156,35159,4.402839e+00,1.972368e-04,True,1.936363e-11,2.250552e+05,1.162258e+16
pilot4_plain,COLAMD,21,3.939900e-03,657,657,15289,32123,35175,4.401727e+00,1.721128e-04,True,1.868564e-11,2.590546e+05,1.386384e+16
pilot4_plain,COLAMD,22,4.009600e-03,657,657,15289,31846,34762,4.356596e+00,1.296932e-04,True,1.764742e-11,3.914504e+05,2.218173e+16
pilot4_plain,COLAMD,23,4.104800e-03,657,657,15289,29958,34181,4.195108e+00,1.102772e-04,True,1.815667e-11,4.784567e+05,2.635156e+16
pilot4_plain,COLAMD,24,5.177900e-03,657,657,15289,32445,35624,4.452155e+00,1.007562e-04,True,1.840272e-11,5.490266e+05,2.983399e+16
pilot4_plain,COLAMD,25,4.075900e-03,657,657,15289,30146,34524,4.229838e+00,7.845903e-05,True,1.826470e-11,7.449040e+05,4.078380e+16
pilot4_plain,COLAMD,26,3.693600e-03,657,657,15289,29800,34799,4.225195e+00,4.985133e-05,True,1.751324e-11,1.420809e+06,8.112772e+16
pilot4_plain,COLAMD,27,3.781600e-03,657,657,15289,29648,34226,4.177775e+00,4.066231e-05,True,1.701559e-11,1.882230e+06,1.106179e+17
pilot4_plain,COLAMD,28,3.787100e-03,657,657,15289,29894,34547,4.214860e+00,3.397947e-05,True,1.610291e-11,2.301216e+06,1.429068e+17
pilot4_plain,COLAMD,29,4.873300e-03,657,657,15289,29571,34120,4.165805e+00,3.210463e-05,True,1.783490e-11,2.761221e+06,1.548212e+17
pilot4_plain,COLAMD,30,4.991000e-03,657,657,15289,30388,34950,4.273530e+00,2.437559e-05,True,1.849048e-11,3.762423e+06,2.034789e+17
pilot4_plain,COLAMD,31,5.133100e-03,657,657,15289,30274,34819,4.257505e+00,1.574152e-05,True,8.870627e-12,6.798034e+06,7.663532e+17
pilot4_plain,COLAMD,32,3.747900e-03,657,657,15289,31893,36066,4.444960e+00,1.138824e-05,True,5.635001e-12,1.184109e+07,2.101346e+18
pilot4_plain,COLAMD,33,3.831100e-03,657,657,15289,32076,35944,4.448950e+00,1.171566e-05,True,4.113553e-12,2.026373e+07,4.926089e+18
pilot4_plain,COLAMD,34,4.206000e-03,657,657,15289,31865,35548,4.409248e+00,1.233668e-05,True,2.132318e-12,3.419867e+07,1.603826e+19
pilot4_plain,COLAMD,35,5.369400e-03,657,657,15289,32447,35882,4.469161e+00,1.296087e-05,True,1.003341e-12,1.367856e+08,1.363301e+20
pilot4_plain,COLAMD,36,4.053600e-03,657,657,15289,33623,36250,4.570148e+00,1.354565e-05,True,4.477860e-13,6.398665e+08,1.428956e+21
pilot4_plain,COLAMD,37,4.112900e-03,657,657,15289,33614,36355,4.576427e+00,1.379146e-05,True,3.154839e-13,1.043257e+09,3.306848e+21
pilot4_plain,COLAMD,38,5.502900e-03,657,657,15289,33500,36224,4.560403e+00,1.418109e-05,True,1.906995e-13,1.331659e+09,6.983023e+21
pilot4_plain,COLAMD,39,3.747700e-03,657,657,15289,32868,35734,4.487017e+00,1.552480e-05,True,3.160720e-14,7.544785e+09,2.387046e+23
pilot4_plain,COLAMD,40,5.321000e-03,657,657,15289,32590,35737,4.469030e+00,1.582924e-05,True,2.156529e-14,1.346099e+10,6.241968e+23
pilot4_plain,COLAMD,41,3.908300e-03,657,657,15289,32376,35815,4.460135e+00,1.623534e-05,True,1.337696e-14,1.908843e+10,1.426963e+24
pilot4_plain,COLAMD,42,5.308400e-03,657,657,15289,34360,35467,4.567140e+00,1.921599e-05,True,9.247752e-16,6.263824e+10,6.773348e+25
pilot4_plain,COLAMD,43,4.874300e-03,657,657,15289,33146,35091,4.463143e+00,1.881458e-05,True,1.239705e-15,1.955852e+11,1.577676e+26
pilot4_plain,COLAMD,44,4.048100e-03,657,657,15289,33480,35008,4.479560e+00,2.087078e-05,True,2.632838e-16,3.307180e+11,1.256127e+27
pilot4_plain,COLAMD,45,3.906000e-03,657,657,15289,33463,35029,4.479822e+00,2.059795e-05,True,3.224463e-16,3.355159e+11,1.040533e+27
pilot4_plain,COLAMD,46,4.124700e-03,657,657,15289,33235,34469,4.428282e+00,1.929378e-05,True,8.646220e-16,3.422209e+11,3.958040e+26
pilot4_plain,COLAMD,47,3.529600e-03,657,657,15289,33461,34996,4.477533e+00,2.111774e-05,True,2.197898e-16,1.019852e+12,4.640122e+27
pilot4_plain,COLAMD,48,6.064900e-03,657,657,15289,33458,35022,4.479037e+00,2.085272e-05,True,2.675950e-16,1.127362e+12,4.212942e+27
pilot4_plain,COLAMD,49,4.578700e-03,657,657,15289,31847,35103,4.378965e+00,1.785278e-05,True,2.552291e-15,1.021659e+12,4.002911e+26
pilot4_plain,COLAMD,50,4.762600e-03,657,657,15289,31885,35078,4.379816e+00,1.784098e-05,True,2.665869e-15,1.459840e+11,5.476039e+25
pilot4_plain,COLAMD,51,4.747800e-03,657,657,15289,32418,35514,4.443194e+00,1.730692e-05,True,4.194277e-15,1.044940e+11,2.491347e+25
pilot4_plain,COLAMD,52,4.275600e-03,657,657,15289,33768,35359,4.521355e+00,1.891506e-05,True,1.143975e-15,1.587231e+11,1.387470e+26
pilot4_plain,COLAMD,53,5.748600e-03,657,657,15289,33334,35468,4.500098e+00,1.868670e-05,True,1.359404e-15,1.619572e+11,1.191385e+26
pilot4_plain,COLAMD,54,6.172200e-03,657,657,15289,33335,35533,4.504415e+00,1.828173e-05,True,1.848978e-15,2.378021e+11,1.286127e+26
pilot4_plain,COLAMD,55,5.818500e-03,657,657,15289,33179,34506,4.427039e+00,1.964973e-05,True,6.426730e-16,3.772301e+11,5.869706e+26
pilot4_plain,COLAMD,56,5.248600e-03,657,657,15289,33385,34900,4.466283e+00,1.931362e-05,True,8.289670e-16,4.696771e+11,5.665811e+26
pilot4_plain,COLAMD,57,4.065800e-03,657,657,15289,33586,35399,4.512067e+00,2.390287e-05,True,2.563097e-17,5.001393e+12,1.951308e+29
pilot4_plain,COLAMD,58,4.823700e-03,657,657,15289,33435,35417,4.503368e+00,2.339445e-05,True,3.892224e-17,4.775778e+12,1.227005e+29
pilot4_plain,COLAMD,59,5.245700e-03,657,657,15289,31844,35009,4.372621e+00,1.725230e-05,True,4.263973e-15,2.340232e+11,5.488383e+25
pilot4_plain,COLAMD,60,5.047500e-03,657,657,15289,33338,35550,4.505723e+00,1.867939e-05,True,1.332406e-15,4.806972e+11,3.607739e+26
pilot4_plain,COLAMD,61,4.700400e-03,657,657,15289,33438,35255,4.492969e+00,1.939091e-05,True,7.940517e-16,5.121177e+11,6.449424e+26
pilot4_plain,COLAMD,62,5.525300e-03,657,657,15289,33496,35771,4.530512e+00,2.381378e-05,True,2.870932e-17,2.765426e+13,9.632499e+29
pilot4_plain,COLAMD,63,4.007300e-03,657,657,15289,34126,36041,4.589378e+00,2.641042e-05,True,2.201252e-18,1.358542e+14,6.171676e+31
pilot4_plain,COLAMD,64,4.671100e-03,657,657,15289,34168,36054,4.592975e+00,2.621515e-05,True,2.671602e-18,1.435941e+14,5.374831e+31
pilot4_plain,COLAMD,65,4.003200e-03,657,657,15289,33696,35262,4.510302e+00,2.577081e-05,True,4.195226e-18,1.266436e+14,3.018755e+31
pilot4_plain,COLAMD,66,3.935600e-03,657,657,15289,33420,34730,4.457453e+00,2.003331e-05,True,4.618220e-16,1.907816e+12,4.131063e+27
pilot4_plain,COLAMD,67,5.099900e-03,657,657,15289,33168,34277,4.411341e+00,1.999831e-05,True,4.731325e-16,1.539364e+12,3.253557e+27
pilot4_plain,COLAMD,68,3.922500e-03,657,657,15289,33429,35926,4.536268e+00,1.727887e-05,True,3.980398e-15,1.237322e+12,3.108539e+26
pilot4_plain,COLAMD,69,3.965400e-03,657,657,15289,31928,35180,4.389299e+00,1.729872e-05,True,3.850232e-15,2.630895e+11,6.833083e+25
pilot4_plain,COLAMD,70,5.714600e-03,657,657,15289,34028,36060,4.584211e+00,1.736907e-05,True,3.761754e-15,1.307822e+11,3.476629e+25
pilot4_plain,COLAMD,71,3.938800e-03,657,657,15289,33326,35380,4.493819e+00,1.828375e-05,True,1.780244e-15,2.512838e+11,1.411513e+26
pilot4_plain,COLAMD,72,4.018300e-03,657,657,15289,33179,34707,4.440186e+00,2.146405e-05,True,1.626907e-16,1.937571e+12,1.190954e+28
pilot4_plain,COLAMD,73,4.490200e-03,657,657,15289,33436,35021,4.477533e+00,2.223561e-05,True,9.095615e-17,3.218358e+12,3.538362e+28
pilot4_plain,COLAMD,74,5.342900e-03,657,657,15289,33431,35285,4.494473e+00,2.288671e-05,True,5.544559e-17,8.056866e+12,1.453112e+29
pilot4_plain,MMD_AT_PLUS_A,1,2.932200e-03,657,657,15289,16013,16013,2.094709e+00,1.911405e-08,True,3.145650e-05,2.673352e-04,8.498568e+00
pilot4_plain,MMD_AT_PLUS_A,2,3.540200e-03,657,657,15289,16772,17188,2.221205e+00,4.764215e-08,True,1.815773e-07,6.554161e-02,3.609570e+05
pilot4_plain,MMD_AT_PLUS_A,3,4.398200e-03,657,657,15289,18335,18143,2.385898e+00,5.430482e-08,True,4.236405e-07,3.386809e-01,7.994535e+05
pilot4_plain,MMD_AT_PLUS_A,4,4.682600e-03,657,657,15289,18833,19333,2.496305e+00,1.750835e-07,True,1.723787e-07,2.107757e+00,1.222748e+07
pilot4_plain,MMD_AT_PLUS_A,5,3.237400e-03,657,657,15289,20587,20579,2.692524e+00,1.531885e-06,True,6.188378e-09,1.010875e+02,1.633506e+10
pilot4_plain,MMD_AT_PLUS_A,6,4.052200e-03,657,657,15289,20853,22195,2.815619e+00,4.406579e-06,True,1.075548e-08,2.580792e+02,2.399513e+10
pilot4_plain,MMD_AT_PLUS_A,7,3.489100e-03,657,657,15289,21046,21545,2.785728e+00,1.315841e-05,True,1.446731e-09,5.072855e+03,3.506425e+12
pilot4_plain,MMD_AT_PLUS_A,8,3.502100e-03,657,657,15289,21223,23448,2.921774e+00,2.918443e-05,True,1.062894e-09,5.992600e+03,5.638006e+12
pilot4_plain,MMD_AT_PLUS_A,9,3.389900e-03,657,657,15289,21224,23398,2.918569e+00,3.905149e-05,True,9.414303e-10,7.692564e+03,8.171146e+12
pilot4_plain,MMD_AT_PLUS_A,10,3.973600e-03,657,657,15289,21284,23664,2.939891e+00,7.108387e-05,True,6.366049e-10,1.190255e+04,1.869693e+13
pilot4_plain,MMD_AT_PLUS_A,11,3.344900e-03,657,657,15289,21494,24541,3.010988e+00,2.045425e-04,True,3.226689e-10,1.350080e+04,4.184103e+13
pilot4_plain,MMD_AT_PLUS_A,12,3.435800e-03,657,657,15289,21529,23991,2.977304e+00,2.982532e-04,True,2.088496e-10,1.303876e+04,6.243133e+13
pilot4_plain,MMD_AT_PLUS_A,13,3.662300e-03,657,657,15289,21702,24474,3.020211e+00,4.851680e-04,True,1.238598e-10,1.251630e+04,1.010522e+14
pilot4_plain,MMD_AT_PLUS_A,14,5.180600e-03,657,657,15289,21786,24558,3.031199e+00,6.329488e-04,True,1.051119e-10,1.139003e+04,1.083610e+14
pilot4_plain,MMD_AT_PLUS_A,15,4.664200e-03,657,657,15289,22717,26918,3.246452e+00,9.950776e-04,True,7.555011e-11,1.413541e+04,1.870998e+14
pilot4_plain,MMD_AT_PLUS_A,16,3.526000e-03,657,657,15289,23068,27371,3.299039e+00,8.334223e-04,True,4.825636e-11,3.869592e+04,8.018823e+14
pilot4_plain,MMD_AT_PLUS_A,17,3.611500e-03,657,657,15289,23078,27368,3.299496e+00,4.311022e-04,True,2.768402e-11,9.637443e+04,3.481229e+15
pilot4_plain,MMD_AT_PLUS_A,18,3.864300e-03,657,657,15289,23014,26981,3.269998e+00,3.707519e-04,True,2.479041e-11,1.244355e+05,5.019501e+15
pilot4_plain,MMD_AT_PLUS_A,19,4.073500e-03,657,657,15289,23258,27364,3.311008e+00,2.705152e-04,True,2.176796e-11,1.588365e+05,7.296804e+15
pilot4_plain,MMD_AT_PLUS_A,20,4.197500e-03,657,657,15289,23502,27478,3.334423e+00,1.972368e-04,True,1.936363e-11,2.250552e+05,1.162258e+16
pilot4_plain,MMD_AT_PLUS_A,21,3.518200e-03,657,657,15289,23013,27714,3.317876e+00,1.721128e-04,True,1.868564e-11,2.590547e+05,1.386384e+16
pilot4_plain,MMD_AT_PLUS_A,22,3.907100e-03,657,657,15289,23070,27879,3.332396e+00,1.296932e-04,True,1.764742e-11,3.914504e+05,2.218173e+16
pilot4_plain,MMD_AT_PLUS_A,23,3.726800e-03,657,657,15289,21780,24706,3.040487e+00,1.102772e-04,True,1.815667e-11,4.784567e+05,2.635156e+16
pilot4_plain,MMD_AT_PLUS_A,24,4.525900e-03,657,657,15289,21769,24753,3.042841e+00,1.007562e-04,True,1.840272e-11,5.490267e+05,2.983399e+16
pilot4_plain,MMD_AT_PLUS_A,25,4.943700e-03,657,657,15289,21761,24716,3.039898e+00,7.845903e-05,True,1.826470e-11,7.449040e+05,4.078380e+16
pilot4_plain,MMD_AT_PLUS_A,26,3.390400e-03,657,657,15289,21779,24687,3.039178e+00,4.985134e-05,True,1.751324e-11,1.420809e+06,8.112769e+16
pilot4_plain,MMD_AT_PLUS_A,27,3.413600e-03,657,657,15289,21888,25150,3.076591e+00,4.066233e-05,True,1.701559e-11,1.882228e+06,1.106179e+17
pilot4_plain,MMD_AT_PLUS_A,28,5.350500e-03,657,657,15289,22045,27028,3.209693e+00,3.397948e-05,True,1.610291e-11,2.301215e+06,1.429068e+17
pilot4_plain,MMD_AT_PLUS_A,29,3.390900e-03,657,657,15289,21943,24994,3.069985e+00,3.210466e-05,True,1.783490e-11,2.761219e+06,1.548211e+17
pilot4_plain,MMD_AT_PLUS_A,30,3.871900e-03,657,657,15289,21894,26109,3.139708e+00,2.437563e-05,True,1.849049e-11,3.762416e+06,2.034785e+17
pilot4_plain,MMD_AT_PLUS_A,31,3.690300e-03,657,657,15289,21661,25136,3.060828e+00,1.574156e-05,True,8.870563e-12,6.798019e+06,7.663572e+17
pilot4_plain,MMD_AT_PLUS_A,32,5.330500e-03,657,657,15289,22815,27754,3.307541e+00,1.138824e-05,True,5.634987e-12,1.184105e+07,2.101344e+18
pilot4_plain,MMD_AT_PLUS_A,33,3.816300e-03,657,657,15289,22747,27504,3.286742e+00,1.171566e-05,True,4.113540e-12,2.026363e+07,4.926080e+18
pilot4_plain,MMD_AT_PLUS_A,34,3.626700e-03,657,657,15289,22410,26408,3.193015e+00,1.233667e-05,True,2.132357e-12,3.419827e+07,1.603778e+19
pilot4_plain,MMD_AT_PLUS_A,35,3.509000e-03,657,657,15289,22494,26621,3.212440e+00,1.296086e-05,True,1.003353e-12,1.367792e+08,1.363221e+20
pilot4_plain,MMD_AT_PLUS_A,36,5.117900e-03,657,657,15289,22463,26646,3.212048e+00,1.354565e-05,True,4.477878e-13,6.397958e+08,1.428792e+21
pilot4_plain,MMD_AT_PLUS_A,37,4.072800e-03,657,657,15289,23541,26835,3.294918e+00,1.379160e-05,True,3.154205e-13,1.043243e+09,3.307468e+21
pilot4_plain,MMD_AT_PLUS_A,38,3.608500e-03,657,657,15289,23479,26554,3.272483e+00,1.418053e-05,True,1.908377e-13,1.331394e+09,6.976574e+21
pilot4_plain,MMD_AT_PLUS_A,39,4.661300e-03,657,657,15289,23347,26147,3.237229e+00,1.552401e-05,True,3.163659e-14,7.538319e+09,2.382785e+23
pilot4_plain,MMD_AT_PLUS_A,40,3.561800e-03,657,657,15289,23367,26280,3.247237e+00,1.582784e-05,True,2.159835e-14,1.344096e+10,6.223141e+23
pilot4_plain,MMD_AT_PLUS_A,41,3.612300e-03,657,657,15289,23349,26433,3.256066e+00,1.623528e-05,True,1.337616e-14,1.909213e+10,1.427325e+24
pilot4_plain,MMD_AT_PLUS_A,42,3.769200e-03,657,657,15289,22174,25820,3.139120e+00,1.922074e-05,True,9.213220e-16,6.258970e+10,6.793467e+25
pilot4_plain,MMD_AT_PLUS_A,43,3.901900e-03,657,657,15289,22194,25988,3.151416e+00,1.881725e-05,True,1.237058e-15,1.960740e+11,1.585003e+26
pilot4_plain,MMD_AT_PLUS_A,44,5.789100e-03,657,657,15289,22085,25683,3.124338e+00,2.086912e-05,True,2.636118e-16,3.311240e+11,1.256104e+27
pilot4_plain,MMD_AT_PLUS_A,45,3.697300e-03,657,657,15289,22140,25689,3.128328e+00,2.059609e-05,True,3.228980e-16,3.359652e+11,1.040468e+27
pilot4_plain,MMD_AT_PLUS_A,46,4.148300e-03,657,657,15289,22171,25750,3.134345e+00,1.929302e-05,True,8.651126e-16,3.426263e+11,3.960483e+26
pilot4_plain,MMD_AT_PLUS_A,47,4.048100e-03,657,657,15289,22058,25616,3.118190e+00,2.110399e-05,True,2.220002e-16,1.015068e+12,4.572376e+27
pilot4_plain,MMD_AT_PLUS_A,48,3.382300e-03,657,657,15289,22121,25676,3.126235e+00,2.084028e-05,True,2.700284e-16,1.121990e+12,4.155080e+27
pilot4_plain,MMD_AT_PLUS_A,49,3.457300e-03,657,657,15289,22216,26061,3.157630e+00,1.785377e-05,True,2.550189e-15,1.017678e+12,3.990597e+26
pilot4_plain,MMD_AT_PLUS_A,50,3.472100e-03,657,657,15289,22238,26074,3.159919e+00,1.784134e-05,True,2.665083e-15,1.458353e+11,5.472073e+25
pilot4_plain,MMD_AT_PLUS_A,51,3.882900e-03,657,657,15289,22239,26084,3.160638e+00,1.730658e-05,True,4.195469e-15,1.044650e+11,2.489949e+25
pilot4_plain,MMD_AT_PLUS_A,52,3.701300e-03,657,657,15289,21190,24635,2.997253e+00,1.889954e-05,True,1.157588e-15,1.578054e+11,1.363225e+26
pilot4_plain,MMD_AT_PLUS_A,53,3.496900e-03,657,657,15289,21238,24704,3.004905e+00,1.866965e-05,True,1.377594e-15,1.611251e+11,1.169612e+26
pilot4_plain,MMD_AT_PLUS_A,54,4.468200e-03,657,657,15289,22060,25714,3.124730e+00,1.827350e-05,True,1.861126e-15,2.362494e+11,1.269390e+26
pilot4_plain,MMD_AT_PLUS_A,55,3.404200e-03,657,657,15289,21442,24837,3.026947e+00,1.965137e-05,True,6.418247e-16,3.752984e+11,5.847366e+26
pilot4_plain,MMD_AT_PLUS_A,56,3.983700e-03,657,657,15289,21450,24831,3.027078e+00,1.931184e-05,True,8.300228e-16,4.709513e+11,5.673956e+26
pilot4_plain,MMD_AT_PLUS_A,57,3.849300e-03,657,657,15289,20436,23152,2.850939e+00,2.390167e-05,True,2.565426e-17,4.494705e+12,1.752031e+29
pilot4_plain,MMD_AT_PLUS_A,58,3.471700e-03,657,657,15289,20425,23142,2.849565e+00,2.336954e-05,True,3.972060e-17,4.344033e+12,1.093647e+29
pilot4_plain,MMD_AT_PLUS_A,59,4.437000e-03,657,657,15289,22211,26043,3.156125e+00,1.724540e-05,True,4.293203e-15,2.130507e+11,4.962513e+25
pilot4_plain,MMD_AT_PLUS_A,60,3.647700e-03,657,657,15289,21249,24743,3.008176e+00,1.857286e-05,True,1.445906e-15,4.767905e+11,3.297520e+26
pilot4_plain,MMD_AT_PLUS_A,61,4.321500e-03,657,657,15289,22140,25708,3.129570e+00,1.924419e-05,True,8.868823e-16,4.862268e+11,5.482427e+26
pilot4_plain,MMD_AT_PLUS_A,62,3.204600e-03,657,657,15289,20596,23339,2.873635e+00,2.360004e-05,True,3.427873e-17,2.366597e+13,6.903981e+29
pilot4_plain,MMD_AT_PLUS_A,63,3.468600e-03,657,657,15289,20331,22183,2.780692e+00,2.644569e-05,True,2.150738e-18,1.310786e+14,6.094584e+31
pilot4_plain,MMD_AT_PLUS_A,64,3.750500e-03,657,657,15289,20337,22196,2.781935e+00,2.621400e-05,True,2.645407e-18,1.425876e+14,5.390007e+31
pilot4_plain,MMD_AT_PLUS_A,65,4.807000e-03,657,657,15289,20357,22263,2.787625e+00,2.593078e-05,True,3.541813e-18,1.327743e+14,3.748768e+31
pilot4_plain,MMD_AT_PLUS_A,66,3.908900e-03,657,657,15289,21220,24534,2.992609e+00,2.016151e-05,True,4.179476e-16,2.166997e+12,5.184854e+27
pilot4_plain,MMD_AT_PLUS_A,67,3.352200e-03,657,657,15289,21177,24498,2.987442e+00,2.014860e-05,True,4.227601e-16,1.756184e+12,4.154092e+27
pilot4_plain,MMD_AT_PLUS_A,68,3.823500e-03,657,657,15289,22186,26020,3.152986e+00,1.752685e-05,True,3.217096e-15,1.381331e+12,4.293720e+26
pilot4_plain,MMD_AT_PLUS_A,69,3.859300e-03,657,657,15289,22205,26049,3.156125e+00,1.749488e-05,True,3.325378e-15,1.190561e+11,3.580228e+25
pilot4_plain,MMD_AT_PLUS_A,70,3.929000e-03,657,657,15289,21346,24964,3.028975e+00,1.751016e-05,True,3.352122e-15,1.334378e+11,3.980695e+25
pilot4_plain,MMD_AT_PLUS_A,71,5.006200e-03,657,657,15289,21228,24519,2.992151e+00,2.042919e-05,True,3.553333e-16,1.069510e+12,3.009879e+27
pilot4_plain,MMD_AT_PLUS_A,72,3.919200e-03,657,657,15289,20375,23228,2.851920e+00,2.425172e-05,True,1.804313e-17,5.219867e+12,2.892994e+29
pilot4_plain,MMD_AT_PLUS_A,73,4.393500e-03,657,657,15289,20374,23257,2.853751e+00,2.302926e-05,True,4.981609e-17,8.967511e+12,1.800124e+29
pilot4_plain,MMD_AT_PLUS_A,74,4.273100e-03,657,657,15289,20356,22195,2.783112e+00,2.657058e-05,True,1.735537e-18,2.982997e+14,1.718775e+32
pilot87,COLAMD,1,4.214704e-01,3608,3608,251712,1357359,1359179,1.079225e+01,6.810941e-09,True,1.059574e-04,6.858744e-03,6.473114e+01
pilot87,COLAMD,2,4.359998e-01,3608,3608,251712,1357359,1357248,1.078458e+01,5.497077e-09,True,7.127490e-07,2.398220e-01,3.364747e+05
pilot87,COLAMD,3,4.144828e-01,3608,3608,251712,1361859,1357729,1.080436e+01,5.381158e-09,True,9.460091e-07,2.747350e+00,2.904148e+06
pilot87,COLAMD,4,4.268511e-01,3608,3608,251712,1357300,1358313,1.078857e+01,1.104172e-08,True,1.913478e-07,9.316638e-01,4.868955e+06
pilot87,COLAMD,5,4.422535e-01,3608,3608,251712,1370850,1368268,1.088195e+01,1.164745e-08,True,2.262464e-07,3.930704e+00,1.737356e+07
pilot87,COLAMD,6,4.424229e-01,3608,3608,251712,1361211,1366342,1.083601e+01,3.435662e-08,True,3.816318e-08,3.751355e+01,9.829777e+08
pilot87,COLAMD,7,4.322415e-01,3608,3608,251712,1352185,1349171,1.073193e+01,5.154696e-08,True,1.096439e-07,5.065988e+01,4.620403e+08
pilot87,COLAMD,8,4.338735e-01,3608,3608,251712,1351749,1341557,1.069995e+01,4.596342e-08,True,1.877376e-07,9.265683e+01,4.935444e+08
pilot87,COLAMD,9,4.074868e-01,3608,3608,251712,1352820,1340761,1.070104e+01,4.171875e-08,True,2.119264e-07,1.569881e+02,7.407668e+08
pilot87,COLAMD,10,4.347750e-01,3608,3608,251712,1359606,1339603,1.072340e+01,6.996326e-08,True,1.379745e-07,6.980958e+02,5.059598e+09
pilot87,COLAMD,11,4.667610e-01,3608,3608,251712,1357972,1329903,1.067837e+01,1.182531e-07,True,5.845609e-08,8.650204e+02,1.479778e+10
pilot87,COLAMD,12,4.501462e-01,3608,3608,251712,1356037,1323998,1.064723e+01,4.222760e-07,True,1.387199e-08,1.135712e+03,8.187090e+10
pilot87,COLAMD,13,4.547194e-01,3608,3608,251712,1359029,1336271,1.070787e+01,9.917702e-07,True,5.504997e-09,1.180878e+03,2.145101e+11
pilot87,COLAMD,14,4.217004e-01,3608,3608,251712,1356006,1335011,1.069086e+01,3.427827e-06,True,1.507298e-09,2.421955e+03,1.606819e+12
pilot87,COLAMD,15,4.307005e-01,3608,3608,251712,1360411,1322321,1.065794e+01,1.662509e-05,True,2.669791e-10,6.371702e+03,2.386592e+13
pilot87,COLAMD,16,4.234127e-01,3608,3608,251712,1360703,1323916,1.066544e+01,3.220939e-05,True,5.067410e-11,4.515673e+05,8.911204e+15
pilot87,COLAMD,17,4.457495e-01,3608,3608,251712,1363839,1338828,1.073714e+01,3.205988e-05,True,3.120978e-11,8.011346e+04,2.566934e+15
pilot87,COLAMD,18,4.277882e-01,3608,3608,251712,1365284,1377270,1.089560e+01,1.444806e-05,True,1.230376e-11,4.964087e+05,4.034611e+16
pilot87,COLAMD,19,4.310109e-01,3608,3608,251712,1370158,1384981,1.094560e+01,1.112781e-05,True,1.238067e-11,8.326385e+05,6.725313e+16
pilot87,COLAMD,20,4.382883e-01,3608,3608,251712,1374911,1388708,1.097929e+01,9.940699e-06,True,7.498237e-12,1.260979e+06,1.681700e+17
pilot87,COLAMD,21,4.407116e-01,3608,3608,251712,1381629,1386883,1.099873e+01,7.379047e-06,True,3.648430e-12,2.696692e+06,7.391377e+17
pilot87,COLAMD,22,4.555154e-01,3608,3608,251712,1383738,1385459,1.100145e+01,6.633663e-06,True,3.497059e-12,3.231296e+06,9.240038e+17
pilot87,COLAMD,23,4.815310e-01,3608,3608,251712,1383112,1384488,1.099511e+01,6.060895e-06,True,2.049117e-12,5.001221e+06,2.440671e+18
pilot87,COLAMD,24,4.217862e-01,3608,3608,251712,1381469,1389441,1.100826e+01,5.768765e-06,True,9.112884e-13,9.349635e+06,1.025980e+19
pilot87,COLAMD,25,4.538411e-01,3608,3608,251712,1383132,1383725,1.099215e+01,5.656419e-06,True,8.887682e-13,9.885178e+06,1.112234e+19
pilot87,COLAMD,26,4.416165e-01,3608,3608,251712,1383896,1378262,1.097349e+01,4.859030e-06,True,5.002021e-13,2.187707e+07,4.373647e+19
pilot87,COLAMD,27,4.354101e-01,3608,3608,251712,1383470,1395357,1.103971e+01,6.467076e-06,True,1.648473e-13,3.218239e+07,1.952254e+20
pilot87,COLAMD,28,4.416177e-01,3608,3608,251712,1380318,1396981,1.103364e+01,5.765603e-06,True,1.827560e-13,3.716089e+07,2.033360e+20
pilot87,COLAMD,29,4.306790e-01,3608,3608,251712,1377358,1385750,1.097726e+01,6.704507e-06,True,8.446533e-14,4.762282e+07,5.638150e+20
pilot87,COLAMD,30,4.233828e-01,3608,3608,251712,1381130,1394336,1.102636e+01,5.859836e-06,True,9.019854e-14,2.011910e+08,2.230535e+21
pilot87,COLAMD,31,4.242739e-01,3608,3608,251712,1371934,1385585,1.095506e+01,6.832939e-06,True,5.926959e-14,2.385596e+08,4.024991e+21
pilot87,COLAMD,32,4.591494e-01,3608,3608,251712,1379815,1406631,1.106998e+01,1.038246e-05,True,1.519160e-14,1.304954e+09,8.589971e+22
pilot87,COLAMD,33,4.697846e-01,3608,3608,251712,1378119,1408478,1.107058e+01,1.400482e-05,True,4.575308e-15,4.126649e+09,9.019391e+23
pilot87,COLAMD,34,4.380463e-01,3608,3608,251712,1361225,1392583,1.094031e+01,1.586471e-05,True,2.466708e-15,8.152359e+09,3.304956e+24
pilot87,COLAMD,35,4.373099e-01,3608,3608,251712,1374160,1391716,1.098826e+01,1.847105e-05,True,1.031535e-15,1.342387e+10,1.301349e+25
pilot87,COLAMD,36,4.452736e-01,3608,3608,251712,1374431,1380758,1.094580e+01,2.067401e-05,True,4.749903e-16,1.790383e+10,3.769305e+25
pilot87,COLAMD,37,4.346406e-01,3608,3608,251712,1374096,1379765,1.094052e+01,2.055309e-05,True,4.951606e-16,2.258231e+10,4.560603e+25
pilot87,COLAMD,38,4.314727e-01,3608,3608,251712,1373479,1370768,1.090233e+01,2.240165e-05,True,2.515627e-16,4.880655e+10,1.940134e+26
pilot87,COLAMD,39,4.419574e-01,3608,3608,251712,1373570,1372041,1.090775e+01,2.251871e-05,True,2.388966e-16,5.798762e+10,2.427310e+26
pilot87,COLAMD,40,4.467157e-01,3608,3608,251712,1371420,1367319,1.088045e+01,2.342333e-05,True,1.708068e-16,7.342705e+10,4.298837e+26
pilot87,COLAMD,41,4.389139e-01,3608,3608,251712,1367178,1360497,1.083649e+01,2.453648e-05,True,1.132964e-16,8.328244e+10,7.350849e+26
pilot87,COLAMD,42,4.275068e-01,3608,3608,251712,1370262,1364273,1.086375e+01,2.471301e-05,True,1.051853e-16,1.602782e+11,1.523769e+27
pilot87,COLAMD,43,4.338362e-01,3608,3608,251712,1375757,1361949,1.087634e+01,2.541627e-05,True,8.079580e-17,1.772522e+11,2.193829e+27
pilot87,COLAMD,44,4.238217e-01,3608,3608,251712,1373392,1362098,1.086754e+01,2.768603e-05,True,3.489276e-17,2.483108e+11,7.116398e+27
pilot87,COLAMD,45,4.455042e-01,3608,3608,251712,1373912,1364253,1.087817e+01,2.713389e-05,True,4.277320e-17,2.854834e+11,6.674353e+27
pilot87,COLAMD,46,4.373547e-01,3608,3608,251712,1373910,1363244,1.087415e+01,2.710488e-05,True,4.319497e-17,2.861960e+11,6.625679e+27
pilot87,COLAMD,47,4.306813e-01,3608,3608,251712,1374174,1362969,1.087411e+01,2.697318e-05,True,4.524799e-17,2.996030e+11,6.621355e+27
pilot87,COLAMD,48,4.377274e-01,3608,3608,251712,1373577,1366324,1.088506e+01,2.806047e-05,True,3.006035e-17,3.431380e+11,1.141497e+28
pilot87,COLAMD,49,4.413358e-01,3608,3608,251712,1373490,1362134,1.086807e+01,2.770851e-05,True,3.421238e-17,3.702493e+11,1.082208e+28
pilot87,COLAMD,50,4.303507e-01,3608,3608,251712,1373617,1362088,1.086839e+01,2.766822e-05,True,3.471196e-17,3.754050e+11,1.081486e+28
pilot87,COLAMD,51,4.387795e-01,3608,3608,251712,1372447,1362903,1.086698e+01,2.851855e-05,True,2.515084e-17,4.804729e+11,1.910365e+28
pilot87,COLAMD,52,4.409342e-01,3608,3608,251712,1372776,1364323,1.087393e+01,2.810692e-05,True,2.933499e-17,6.020613e+11,2.052365e+28
pilot87,COLAMD,53,4.447785e-01,3608,3608,251712,1372070,1361865,1.086136e+01,2.907268e-05,True,2.031872e-17,6.381487e+11,3.140694e+28
pilot87,COLAMD,54,4.591972e-01,3608,3608,251712,1371921,1374157,1.090960e+01,3.011062e-05,True,1.353146e-17,9.946447e+11,7.350610e+28
pilot87,COLAMD,55,4.409074e-01,3608,3608,251712,1372468,1379055,1.093123e+01,2.985528e-05,True,1.492766e-17,1.034883e+12,6.932658e+28
pilot87,COLAMD,56,4.520886e-01,3608,3608,251712,1372690,1379473,1.093378e+01,2.914069e-05,True,1.977675e-17,1.000275e+12,5.057833e+28
pilot87,COLAMD,57,4.424162e-01,3608,3608,251712,1372276,1379006,1.093028e+01,2.963295e-05,True,1.631704e-17,1.090971e+12,6.686083e+28
pilot87,COLAMD,58,4.399683e-01,3608,3608,251712,1372293,1379958,1.093413e+01,2.960981e-05,True,1.646639e-17,1.083012e+12,6.577105e+28
pilot87,COLAMD,59,4.270100e-01,3608,3608,251712,1372293,1379837,1.093365e+01,2.958121e-05,True,1.662834e-17,1.091738e+12,6.565523e+28
pilot87,COLAMD,60,4.528467e-01,3608,3608,251712,1372163,1376569,1.092015e+01,3.096279e-05,True,9.551622e-18,1.203363e+12,1.259852e+29
pilot87,COLAMD,61,4.256427e-01,3608,3608,251712,1374067,1377264,1.093047e+01,3.128474e-05,True,8.308734e-18,1.860356e+12,2.239037e+29
pilot87,COLAMD,62,4.526784e-01,3608,3608,251712,1371580,1376324,1.091686e+01,3.109170e-05,True,9.011288e-18,1.853052e+12,2.056368e+29
pilot87,COLAMD,63,4.427158e-01,3608,3608,251712,1371579,1376389,1.091711e+01,3.094594e-05,True,9.525138e-18,1.844636e+12,1.936598e+29
pilot87,COLAMD,64,4.284298e-01,3608,3608,251712,1371527,1377731,1.092224e+01,3.062272e-05,True,1.088812e-17,1.585536e+12,1.456207e+29
pilot87,COLAMD,65,4.613441e-01,3608,3608,251712,1372031,1393607,1.098731e+01,3.316289e-05,True,3.519309e-18,5.194861e+12,1.476103e+30
pilot87,MMD_AT_PLUS_A,1,1.186896e-01,3608,3608,251712,436513,435980,3.466235e+00,6.810941e-09,True,1.059574e-04,6.858744e-03,6.473114e+01
pilot87,MMD_AT_PLUS_A,2,1.600685e-01,3608,3608,251712,442662,438698,3.501462e+00,5.497077e-09,True,7.127490e-07,2.398220e-01,3.364747e+05
pilot87,MMD_AT_PLUS_A,3,1.217200e-01,3608,3608,251712,457258,445109,3.584918e+00,5.381158e-09,True,9.460091e-07,2.747350e+00,2.904148e+06
pilot87,MMD_AT_PLUS_A,4,1.261033e-01,3608,3608,251712,463570,461627,3.675617e+00,1.104172e-08,True,1.913478e-07,9.316638e-01,4.868955e+06
pilot87,MMD_AT_PLUS_A,5,1.528713e-01,3608,3608,251712,587537,566429,4.584470e+00,1.164745e-08,True,2.262464e-07,3.930704e+00,1.737356e+07
pilot87,MMD_AT_PLUS_A,6,1.566097e-01,3608,3608,251712,638916,609174,4.958405e+00,3.435662e-08,True,3.816318e-08,3.751355e+01,9.829777e+08
pilot87,MMD_AT_PLUS_A,7,1.645055e-01,3608,3608,251712,646415,614307,5.008589e+00,5.154696e-08,True,1.096439e-07,5.065988e+01,4.620403e+08
pilot87,MMD_AT_PLUS_A,8,1.645986e-01,3608,3608,251712,666943,612887,5.084501e+00,4.596342e-08,True,1.877376e-07,9.265683e+01,4.935444e+08
pilot87,MMD_AT_PLUS_A,9,1.807409e-01,3608,3608,251712,683227,621861,5.184846e+00,4.171875e-08,True,2.119264e-07,1.569881e+02,7.407668e+08
pilot87,MMD_AT_PLUS_A,10,1.759885e-01,3608,3608,251712,729714,643393,5.455072e+00,6.996326e-08,True,1.379745e-07,6.980958e+02,5.059598e+09
pilot87,MMD_AT_PLUS_A,11,2.021086e-01,3608,3608,251712,799535,718885,6.032370e+00,1.182531e-07,True,5.845609e-08,8.650204e+02,1.479778e+10
pilot87,MMD_AT_PLUS_A,12,2.038536e-01,3608,3608,251712,802708,740800,6.132040e+00,4.222760e-07,True,1.387199e-08,1.135712e+03,8.187090e+10
pilot87,MMD_AT_PLUS_A,13,2.016679e-01,3608,3608,251712,807776,744892,6.168431e+00,9.917702e-07,True,5.504997e-09,1.180878e+03,2.145101e+11
pilot87,MMD_AT_PLUS_A,14,2.468056e-01,3608,3608,251712,815402,765490,6.280559e+00,3.427827e-06,True,1.507298e-09,2.421955e+03,1.606819e+12
pilot87,MMD_AT_PLUS_A,15,2.109279e-01,3608,3608,251712,821986,806781,6.470756e+00,1.662509e-05,True,2.669791e-10,6.371702e+03,2.386592e+13
pilot87,MMD_AT_PLUS_A,16,2.327659e-01,3608,3608,251712,833857,850415,6.691266e+00,3.220939e-05,True,5.067410e-11,4.515673e+05,8.911204e+15
pilot87,MMD_AT_PLUS_A,17,2.249971e-01,3608,3608,251712,826661,856894,6.688418e+00,3.205988e-05,True,3.120978e-11,8.011346e+04,2.566934e+15
pilot87,MMD_AT_PLUS_A,18,2.470483e-01,3608,3608,251712,858484,925702,7.088204e+00,1.444806e-05,True,1.230376e-11,4.964087e+05,4.034611e+16
pilot87,MMD_AT_PLUS_A,19,2.413046e-01,3608,3608,251712,858141,924950,7.083854e+00,1.112781e-05,True,1.238067e-11,8.326385e+05,6.725313e+16
pilot87,MMD_AT_PLUS_A,20,2.446849e-01,3608,3608,251712,864301,928672,7.123113e+00,9.940699e-06,True,7.498237e-12,1.260979e+06,1.681700e+17
pilot87,MMD_AT_PLUS_A,21,2.469651e-01,3608,3608,251712,886426,948077,7.288103e+00,7.379047e-06,True,3.648430e-12,2.696692e+06,7.391377e+17
pilot87,MMD_AT_PLUS_A,22,2.663279e-01,3608,3608,251712,884734,941863,7.256694e+00,6.633663e-06,True,3.497059e-12,3.231296e+06,9.240038e+17
pilot87,MMD_AT_PLUS_A,23,2.770958e-01,3608,3608,251712,884077,958636,7.320720e+00,6.060895e-06,True,2.049117e-12,5.001221e+06,2.440671e+18
pilot87,MMD_AT_PLUS_A,24,2.558033e-01,3608,3608,251712,877931,946443,7.247863e+00,5.768765e-06,True,9.112884e-13,9.349635e+06,1.025980e+19
pilot87,MMD_AT_PLUS_A,25,2.553935e-01,3608,3608,251712,879173,947775,7.258089e+00,5.656419e-06,True,8.887682e-13,9.885178e+06,1.112234e+19
pilot87,MMD_AT_PLUS_A,26,2.416636e-01,3608,3608,251712,871190,928957,7.151614e+00,4.859030e-06,True,5.002021e-13,2.187707e+07,4.373647e+19
pilot87,MMD_AT_PLUS_A,27,2.435183e-01,3608,3608,251712,870188,932434,7.161446e+00,6.467076e-06,True,1.648473e-13,3.218239e+07,1.952254e+20
pilot87,MMD_AT_PLUS_A,28,2.418118e-01,3608,3608,251712,865345,929397,7.130141e+00,5.765603e-06,True,1.827560e-13,3.716089e+07,2.033360e+20
pilot87,MMD_AT_PLUS_A,29,2.391370e-01,3608,3608,251712,858899,913972,7.043252e+00,6.704507e-06,True,8.446533e-14,4.762282e+07,5.638150e+20
pilot87,MMD_AT_PLUS_A,30,2.379161e-01,3608,3608,251712,869370,918364,7.102299e+00,5.859836e-06,True,9.019854e-14,2.011910e+08,2.230535e+21
pilot87,MMD_AT_PLUS_A,31,2.289721e-01,3608,3608,251712,859044,912163,7.036641e+00,6.832939e-06,True,5.926959e-14,2.385596e+08,4.024991e+21
pilot87,MMD_AT_PLUS_A,32,2.305911e-01,3608,3608,251712,833514,878836,6.802814e+00,1.038246e-05,True,1.519160e-14,1.304954e+09,8.589971e+22
pilot87,MMD_AT_PLUS_A,33,2.263954e-01,3608,3608,251712,802345,842271,6.533721e+00,1.400482e-05,True,4.575308e-15,4.126649e+09,9.019391e+23
pilot87,MMD_AT_PLUS_A,34,2.136768e-01,3608,3608,251712,796270,840560,6.502789e+00,1.586471e-05,True,2.466708e-15,8.152359e+09,3.304956e+24
pilot87,MMD_AT_PLUS_A,35,2.107210e-01,3608,3608,251712,783843,823255,6.384670e+00,1.847105e-05,True,1.031535e-15,1.342387e+10,1.301349e+25
pilot87,MMD_AT_PLUS_A,36,1.890379e-01,3608,3608,251712,730565,791263,6.045910e+00,2.067401e-05,True,4.749903e-16,1.790383e+10,3.769305e+25
pilot87,MMD_AT_PLUS_A,37,1.875837e-01,3608,3608,251712,732158,782481,6.017349e+00,2.055309e-05,True,4.951606e-16,2.258231e+10,4.560603e+25
pilot87,MMD_AT_PLUS_A,38,1.907310e-01,3608,3608,251712,732806,784797,6.029125e+00,2.240165e-05,True,2.515627e-16,4.880655e+10,1.940134e+26
pilot87,MMD_AT_PLUS_A,39,1.905048e-01,3608,3608,251712,728368,771128,5.957189e+00,2.251871e-05,True,2.388967e-16,5.798762e+10,2.427310e+26
pilot87,MMD_AT_PLUS_A,40,1.880867e-01,3608,3608,251712,716367,766665,5.891781e+00,2.342333e-05,True,1.708068e-16,7.342705e+10,4.298837e+26
pilot87,MMD_AT_PLUS_A,41,2.025841e-01,3608,3608,251712,706400,749874,5.785477e+00,2.453648e-05,True,1.132964e-16,8.328244e+10,7.350849e+26
pilot87,MMD_AT_PLUS_A,42,2.276642e-01,3608,3608,251712,706610,749312,5.784079e+00,2.471301e-05,True,1.051853e-16,1.602782e+11,1.523769e+27
pilot87,MMD_AT_PLUS_A,43,1.850768e-01,3608,3608,251712,694146,743111,5.709926e+00,2.541627e-05,True,8.079580e-17,1.772522e+11,2.193829e+27
pilot87,MMD_AT_PLUS_A,44,1.804608e-01,3608,3608,251712,692697,748633,5.726108e+00,2.768603e-05,True,3.489276e-17,2.483108e+11,7.116399e+27
pilot87,MMD_AT_PLUS_A,45,1.859740e-01,3608,3608,251712,697210,742782,5.720792e+00,2.713389e-05,True,4.277320e-17,2.854834e+11,6.674353e+27
pilot87,MMD_AT_PLUS_A,46,1.813535e-01,3608,3608,251712,697363,744310,5.727470e+00,2.710488e-05,True,4.319497e-17,2.861960e+11,6.625679e+27
pilot87,MMD_AT_PLUS_A,47,1.840829e-01,3608,3608,251712,697588,742449,5.720971e+00,2.697318e-05,True,4.524799e-17,2.996030e+11,6.621355e+27
pilot87,MMD_AT_PLUS_A,48,1.801220e-01,3608,3608,251712,689134,749045,5.713589e+00,2.806047e-05,True,3.006035e-17,3.431380e+11,1.141497e+28
pilot87,MMD_AT_PLUS_A,49,1.797016e-01,3608,3608,251712,693455,749369,5.732043e+00,2.770851e-05,True,3.421238e-17,3.702493e+11,1.082208e+28
pilot87,MMD_AT_PLUS_A,50,1.806696e-01,3608,3608,251712,691919,737737,5.679729e+00,2.766822e-05,True,3.471196e-17,3.754050e+11,1.081486e+28
pilot87,MMD_AT_PLUS_A,51,1.967472e-01,3608,3608,251712,675550,736450,5.609586e+00,2.851855e-05,True,2.515084e-17,4.804729e+11,1.910365e+28
pilot87,MMD_AT_PLUS_A,52,2.034721e-01,3608,3608,251712,689150,741976,5.685569e+00,2.810692e-05,True,2.933499e-17,6.020613e+11,2.052365e+28
pilot87,MMD_AT_PLUS_A,53,2.299114e-01,3608,3608,251712,686105,750710,5.708170e+00,2.907268e-05,True,2.031872e-17,6.381487e+11,3.140694e+28
pilot87,MMD_AT_PLUS_A,54,1.948442e-01,3608,3608,251712,674109,736874,5.605545e+00,3.011062e-05,True,1.353146e-17,9.946447e+11,7.350610e+28
pilot87,MMD_AT_PLUS_A,55,1.854523e-01,3608,3608,251712,686238,749249,5.702895e+00,2.985528e-05,True,1.492766e-17,1.034883e+12,6.932658e+28
pilot87,MMD_AT_PLUS_A,56,1.891298e-01,3608,3608,251712,686624,752958,5.719163e+00,2.914069e-05,True,1.977675e-17,1.000275e+12,5.057833e+28
pilot87,MMD_AT_PLUS_A,57,1.834906e-01,3608,3608,251712,686496,752027,5.714956e+00,2.963295e-05,True,1.631703e-17,1.090971e+12,6.686085e+28
pilot87,MMD_AT_PLUS_A,58,2.367959e-01,3608,3608,251712,687422,754021,5.726557e+00,2.960981e-05,True,1.646639e-17,1.083012e+12,6.577107e+28
pilot87,MMD_AT_PLUS_A,59,1.849437e-01,3608,3608,251712,687472,754349,5.728058e+00,2.958121e-05,True,1.662834e-17,1.091738e+12,6.565524e+28
pilot87,MMD_AT_PLUS_A,60,1.969560e-01,3608,3608,251712,677784,728755,5.587890e+00,3.096278e-05,True,9.551642e-18,1.203362e+12,1.259848e+29
pilot87,MMD_AT_PLUS_A,61,1.776754e-01,3608,3608,251712,675541,731766,5.590941e+00,3.128475e-05,True,8.308716e-18,1.860358e+12,2.239044e+29
pilot87,MMD_AT_PLUS_A,62,1.800537e-01,3608,3608,251712,670595,731451,5.570040e+00,3.109171e-05,True,9.011273e-18,1.853054e+12,2.056374e+29
pilot87,MMD_AT_PLUS_A,63,1.772579e-01,3608,3608,251712,676137,732026,5.594342e+00,3.094595e-05,True,9.525101e-18,1.844639e+12,1.936608e+29
pilot87,MMD_AT_PLUS_A,64,2.381611e-01,3608,3608,251712,673670,739312,5.613487e+00,3.062270e-05,True,1.088820e-17,1.585541e+12,1.456201e+29
pilot87,MMD_AT_PLUS_A,65,1.780193e-01,3608,3608,251712,666465,717778,5.499313e+00,3.316297e-05,True,3.519156e-18,5.195086e+12,1.476231e+30
